"['AAVE/BTC', False]","['AAVE/KCS', True]","['KCS/BTC', True]"
"['AAVE/BTC', False]","['AAVE/USDT', True]","['BTC/USDT', False]"
"['AAVE/BTC', False]","['AAVE/UST', True]","['BTC/UST', False]"
"['AAVE/KCS', False]","['AAVE/BTC', True]","['KCS/BTC', False]"
"['AAVE/KCS', False]","['AAVE/USDT', True]","['KCS/USDT', False]"
"['AAVE/KCS', False]","['AAVE/UST', True]","['KCS/UST', False]"
"['AAVE/USDT', False]","['AAVE/BTC', True]","['BTC/USDT', True]"
"['AAVE/USDT', False]","['AAVE/KCS', True]","['KCS/USDT', True]"
"['AAVE/USDT', False]","['AAVE/UST', True]","['USDT/UST', False]"
"['AAVE/UST', False]","['AAVE/BTC', True]","['BTC/UST', True]"
"['AAVE/UST', False]","['AAVE/KCS', True]","['KCS/UST', True]"
"['AAVE/UST', False]","['AAVE/USDT', True]","['USDT/UST', True]"
"['ACAT/BTC', False]","['ACAT/ETH', True]","['ETH/BTC', True]"
"['ACAT/ETH', False]","['ACAT/BTC', True]","['ETH/BTC', False]"
"['ACT/BTC', False]","['ACT/ETH', True]","['ETH/BTC', True]"
"['ACT/ETH', False]","['ACT/BTC', True]","['ETH/BTC', False]"
"['ADA/BTC', False]","['ADA/KCS', True]","['KCS/BTC', True]"
"['ADA/BTC', False]","['ADA/USDC', True]","['BTC/USDC', False]"
"['ADA/BTC', False]","['ADA/USDT', True]","['BTC/USDT', False]"
"['ADA/KCS', False]","['ADA/BTC', True]","['KCS/BTC', False]"
"['ADA/KCS', False]","['ADA/USDC', True]","['KCS/USDC', False]"
"['ADA/KCS', False]","['ADA/USDT', True]","['KCS/USDT', False]"
"['ADA/USDC', False]","['ADA/BTC', True]","['BTC/USDC', True]"
"['ADA/USDC', False]","['ADA/KCS', True]","['KCS/USDC', True]"
"['ADA/USDC', False]","['ADA/USDT', True]","['USDC/USDT', False]"
"['ADA/USDC', False]","['ADA/USDT', True]","['USDT/USDC', True]"
"['ADA/USDT', False]","['ADA/BTC', True]","['BTC/USDT', True]"
"['ADA/USDT', False]","['ADA/KCS', True]","['KCS/USDT', True]"
"['ADA/USDT', False]","['ADA/USDC', True]","['USDC/USDT', True]"
"['ADA/USDT', False]","['ADA/USDC', True]","['USDT/USDC', False]"
"['ADB/BTC', False]","['ADB/ETH', True]","['ETH/BTC', True]"
"['ADB/ETH', False]","['ADB/BTC', True]","['ETH/BTC', False]"
"['AERGO/BTC', False]","['AERGO/ETH', True]","['ETH/BTC', True]"
"['AERGO/ETH', False]","['AERGO/BTC', True]","['ETH/BTC', False]"
"['AGI/BTC', False]","['AGI/ETH', True]","['ETH/BTC', True]"
"['AGI/ETH', False]","['AGI/BTC', True]","['ETH/BTC', False]"
"['AION/BTC', False]","['AION/ETH', True]","['ETH/BTC', True]"
"['AION/ETH', False]","['AION/BTC', True]","['ETH/BTC', False]"
"['AKRO/BTC', False]","['AKRO/USDT', True]","['BTC/USDT', False]"
"['AKRO/USDT', False]","['AKRO/BTC', True]","['BTC/USDT', True]"
"['ALGO/BTC', False]","['ALGO/ETH', True]","['ETH/BTC', True]"
"['ALGO/BTC', False]","['ALGO/KCS', True]","['KCS/BTC', True]"
"['ALGO/BTC', False]","['ALGO/USDT', True]","['BTC/USDT', False]"
"['ALGO/ETH', False]","['ALGO/BTC', True]","['ETH/BTC', False]"
"['ALGO/ETH', False]","['ALGO/KCS', True]","['ETH/KCS', False]"
"['ALGO/ETH', False]","['ALGO/KCS', True]","['KCS/ETH', True]"
"['ALGO/ETH', False]","['ALGO/USDT', True]","['ETH/USDT', False]"
"['ALGO/KCS', False]","['ALGO/BTC', True]","['KCS/BTC', False]"
"['ALGO/KCS', False]","['ALGO/ETH', True]","['ETH/KCS', True]"
"['ALGO/KCS', False]","['ALGO/ETH', True]","['KCS/ETH', False]"
"['ALGO/KCS', False]","['ALGO/USDT', True]","['KCS/USDT', False]"
"['ALGO/USDT', False]","['ALGO/BTC', True]","['BTC/USDT', True]"
"['ALGO/USDT', False]","['ALGO/ETH', True]","['ETH/USDT', True]"
"['ALGO/USDT', False]","['ALGO/KCS', True]","['KCS/USDT', True]"
"['AMB/BTC', False]","['AMB/ETH', True]","['ETH/BTC', True]"
"['AMB/ETH', False]","['AMB/BTC', True]","['ETH/BTC', False]"
"['AMPL/BTC', False]","['AMPL/ETH', True]","['ETH/BTC', True]"
"['AMPL/BTC', False]","['AMPL/USDT', True]","['BTC/USDT', False]"
"['AMPL/ETH', False]","['AMPL/BTC', True]","['ETH/BTC', False]"
"['AMPL/ETH', False]","['AMPL/USDT', True]","['ETH/USDT', False]"
"['AMPL/USDT', False]","['AMPL/BTC', True]","['BTC/USDT', True]"
"['AMPL/USDT', False]","['AMPL/ETH', True]","['ETH/USDT', True]"
"['AOA/BTC', False]","['AOA/USDT', True]","['BTC/USDT', False]"
"['AOA/USDT', False]","['AOA/BTC', True]","['BTC/USDT', True]"
"['ATOM/BTC', False]","['ATOM/ETH', True]","['ETH/BTC', True]"
"['ATOM/BTC', False]","['ATOM/KCS', True]","['KCS/BTC', True]"
"['ATOM/BTC', False]","['ATOM/USDT', True]","['BTC/USDT', False]"
"['ATOM/BTC', False]","['ATOM/UST', True]","['BTC/UST', False]"
"['ATOM/ETH', False]","['ATOM/BTC', True]","['ETH/BTC', False]"
"['ATOM/ETH', False]","['ATOM/KCS', True]","['ETH/KCS', False]"
"['ATOM/ETH', False]","['ATOM/KCS', True]","['KCS/ETH', True]"
"['ATOM/ETH', False]","['ATOM/USDT', True]","['ETH/USDT', False]"
"['ATOM/ETH', False]","['ATOM/UST', True]","['ETH/UST', False]"
"['ATOM/KCS', False]","['ATOM/BTC', True]","['KCS/BTC', False]"
"['ATOM/KCS', False]","['ATOM/ETH', True]","['ETH/KCS', True]"
"['ATOM/KCS', False]","['ATOM/ETH', True]","['KCS/ETH', False]"
"['ATOM/KCS', False]","['ATOM/USDT', True]","['KCS/USDT', False]"
"['ATOM/KCS', False]","['ATOM/UST', True]","['KCS/UST', False]"
"['ATOM/USDT', False]","['ATOM/BTC', True]","['BTC/USDT', True]"
"['ATOM/USDT', False]","['ATOM/ETH', True]","['ETH/USDT', True]"
"['ATOM/USDT', False]","['ATOM/KCS', True]","['KCS/USDT', True]"
"['ATOM/USDT', False]","['ATOM/UST', True]","['USDT/UST', False]"
"['ATOM/UST', False]","['ATOM/BTC', True]","['BTC/UST', True]"
"['ATOM/UST', False]","['ATOM/ETH', True]","['ETH/UST', True]"
"['ATOM/UST', False]","['ATOM/KCS', True]","['KCS/UST', True]"
"['ATOM/UST', False]","['ATOM/USDT', True]","['USDT/UST', True]"
"['AVA/BTC', False]","['AVA/ETH', True]","['ETH/BTC', True]"
"['AVA/BTC', False]","['AVA/USDT', True]","['BTC/USDT', False]"
"['AVA/ETH', False]","['AVA/BTC', True]","['ETH/BTC', False]"
"['AVA/ETH', False]","['AVA/USDT', True]","['ETH/USDT', False]"
"['AVA/USDT', False]","['AVA/BTC', True]","['BTC/USDT', True]"
"['AVA/USDT', False]","['AVA/ETH', True]","['ETH/USDT', True]"
"['AVAX/BTC', False]","['AVAX/USDT', True]","['BTC/USDT', False]"
"['AVAX/USDT', False]","['AVAX/BTC', True]","['BTC/USDT', True]"
"['AXPR/BTC', False]","['AXPR/ETH', True]","['ETH/BTC', True]"
"['AXPR/ETH', False]","['AXPR/BTC', True]","['ETH/BTC', False]"
"['BAX/BTC', False]","['BAX/ETH', True]","['ETH/BTC', True]"
"['BAX/ETH', False]","['BAX/BTC', True]","['ETH/BTC', False]"
"['BCD/BTC', False]","['BCD/ETH', True]","['ETH/BTC', True]"
"['BCD/ETH', False]","['BCD/BTC', True]","['ETH/BTC', False]"
"['BCH/BTC', False]","['BCH/KCS', True]","['KCS/BTC', True]"
"['BCH/BTC', False]","['BCH/USDC', True]","['BTC/USDC', False]"
"['BCH/BTC', False]","['BCH/USDT', True]","['BTC/USDT', False]"
"['BCH/KCS', False]","['BCH/BTC', True]","['KCS/BTC', False]"
"['BCH/KCS', False]","['BCH/USDC', True]","['KCS/USDC', False]"
"['BCH/KCS', False]","['BCH/USDT', True]","['KCS/USDT', False]"
"['BCH/USDC', False]","['BCH/BTC', True]","['BTC/USDC', True]"
"['BCH/USDC', False]","['BCH/KCS', True]","['KCS/USDC', True]"
"['BCH/USDC', False]","['BCH/USDT', True]","['USDC/USDT', False]"
"['BCH/USDC', False]","['BCH/USDT', True]","['USDT/USDC', True]"
"['BCH/USDT', False]","['BCH/BTC', True]","['BTC/USDT', True]"
"['BCH/USDT', False]","['BCH/KCS', True]","['KCS/USDT', True]"
"['BCH/USDT', False]","['BCH/USDC', True]","['USDC/USDT', True]"
"['BCH/USDT', False]","['BCH/USDC', True]","['USDT/USDC', False]"
"['BEPRO/BTC', False]","['BEPRO/USDT', True]","['BTC/USDT', False]"
"['BEPRO/USDT', False]","['BEPRO/BTC', True]","['BTC/USDT', True]"
"['BNB/BTC', False]","['BNB/KCS', True]","['KCS/BTC', True]"
"['BNB/BTC', False]","['BNB/USDT', True]","['BTC/USDT', False]"
"['BNB/KCS', False]","['BNB/BTC', True]","['KCS/BTC', False]"
"['BNB/KCS', False]","['BNB/USDT', True]","['KCS/USDT', False]"
"['BNB/USDT', False]","['BNB/BTC', True]","['BTC/USDT', True]"
"['BNB/USDT', False]","['BNB/KCS', True]","['KCS/USDT', True]"
"['BNS/BTC', False]","['BNS/USDT', True]","['BTC/USDT', False]"
"['BNS/USDT', False]","['BNS/BTC', True]","['BTC/USDT', True]"
"['BOLT/BTC', False]","['BOLT/USDT', True]","['BTC/USDT', False]"
"['BOLT/USDT', False]","['BOLT/BTC', True]","['BTC/USDT', True]"
"['BRG/BTC', False]","['BRG/USDT', True]","['BTC/USDT', False]"
"['BRG/USDT', False]","['BRG/BTC', True]","['BTC/USDT', True]"
"['BSV/BTC', False]","['BSV/ETH', True]","['ETH/BTC', True]"
"['BSV/BTC', False]","['BSV/KCS', True]","['KCS/BTC', True]"
"['BSV/BTC', False]","['BSV/USDC', True]","['BTC/USDC', False]"
"['BSV/BTC', False]","['BSV/USDT', True]","['BTC/USDT', False]"
"['BSV/ETH', False]","['BSV/BTC', True]","['ETH/BTC', False]"
"['BSV/ETH', False]","['BSV/KCS', True]","['ETH/KCS', False]"
"['BSV/ETH', False]","['BSV/KCS', True]","['KCS/ETH', True]"
"['BSV/ETH', False]","['BSV/USDC', True]","['ETH/USDC', False]"
"['BSV/ETH', False]","['BSV/USDT', True]","['ETH/USDT', False]"
"['BSV/KCS', False]","['BSV/BTC', True]","['KCS/BTC', False]"
"['BSV/KCS', False]","['BSV/ETH', True]","['ETH/KCS', True]"
"['BSV/KCS', False]","['BSV/ETH', True]","['KCS/ETH', False]"
"['BSV/KCS', False]","['BSV/USDC', True]","['KCS/USDC', False]"
"['BSV/KCS', False]","['BSV/USDT', True]","['KCS/USDT', False]"
"['BSV/USDC', False]","['BSV/BTC', True]","['BTC/USDC', True]"
"['BSV/USDC', False]","['BSV/ETH', True]","['ETH/USDC', True]"
"['BSV/USDC', False]","['BSV/KCS', True]","['KCS/USDC', True]"
"['BSV/USDC', False]","['BSV/USDT', True]","['USDC/USDT', False]"
"['BSV/USDC', False]","['BSV/USDT', True]","['USDT/USDC', True]"
"['BSV/USDT', False]","['BSV/BTC', True]","['BTC/USDT', True]"
"['BSV/USDT', False]","['BSV/ETH', True]","['ETH/USDT', True]"
"['BSV/USDT', False]","['BSV/KCS', True]","['KCS/USDT', True]"
"['BSV/USDT', False]","['BSV/USDC', True]","['USDC/USDT', True]"
"['BSV/USDT', False]","['BSV/USDC', True]","['USDT/USDC', False]"
"['BTC/DAI', False]","['BTC/PAX', True]","['PAX/DAI', True]"
"['BTC/DAI', False]","['BTC/TUSD', True]","['TUSD/DAI', True]"
"['BTC/DAI', False]","['BTC/USDC', True]","['USDC/DAI', True]"
"['BTC/DAI', False]","['BTC/USDT', True]","['USDT/DAI', True]"
"['BTC/DAI', False]","['BTC/UST', True]","['UST/DAI', True]"
"['BTC/PAX', False]","['BTC/DAI', True]","['PAX/DAI', False]"
"['BTC/PAX', False]","['BTC/TUSD', True]","['TUSD/PAX', True]"
"['BTC/PAX', False]","['BTC/USDC', True]","['USDC/PAX', True]"
"['BTC/PAX', False]","['BTC/USDT', True]","['USDT/PAX', True]"
"['BTC/PAX', False]","['BTC/UST', True]","['UST/PAX', True]"
"['BTC/TUSD', False]","['BTC/DAI', True]","['TUSD/DAI', False]"
"['BTC/TUSD', False]","['BTC/PAX', True]","['TUSD/PAX', False]"
"['BTC/TUSD', False]","['BTC/USDC', True]","['USDC/TUSD', True]"
"['BTC/TUSD', False]","['BTC/USDT', True]","['USDT/TUSD', True]"
"['BTC/TUSD', False]","['BTC/UST', True]","['UST/TUSD', True]"
"['BTC/USDC', False]","['BTC/DAI', True]","['USDC/DAI', False]"
"['BTC/USDC', False]","['BTC/PAX', True]","['USDC/PAX', False]"
"['BTC/USDC', False]","['BTC/TUSD', True]","['USDC/TUSD', False]"
"['BTC/USDC', False]","['BTC/USDT', True]","['USDC/USDT', False]"
"['BTC/USDC', False]","['BTC/USDT', True]","['USDT/USDC', True]"
"['BTC/USDC', False]","['BTC/UST', True]","['USDC/UST', False]"
"['BTC/USDT', False]","['BTC/DAI', True]","['USDT/DAI', False]"
"['BTC/USDT', False]","['BTC/PAX', True]","['USDT/PAX', False]"
"['BTC/USDT', False]","['BTC/TUSD', True]","['USDT/TUSD', False]"
"['BTC/USDT', False]","['BTC/USDC', True]","['USDC/USDT', True]"
"['BTC/USDT', False]","['BTC/USDC', True]","['USDT/USDC', False]"
"['BTC/USDT', False]","['BTC/UST', True]","['USDT/UST', False]"
"['BTC/UST', False]","['BTC/DAI', True]","['UST/DAI', False]"
"['BTC/UST', False]","['BTC/PAX', True]","['UST/PAX', False]"
"['BTC/UST', False]","['BTC/TUSD', True]","['UST/TUSD', False]"
"['BTC/UST', False]","['BTC/USDC', True]","['USDC/UST', True]"
"['BTC/UST', False]","['BTC/USDT', True]","['USDT/UST', True]"
"['BTM/BTC', False]","['BTM/ETH', True]","['ETH/BTC', True]"
"['BTM/ETH', False]","['BTM/BTC', True]","['ETH/BTC', False]"
"['BTT/BTC', False]","['BTT/ETH', True]","['ETH/BTC', True]"
"['BTT/BTC', False]","['BTT/TRX', True]","['TRX/BTC', True]"
"['BTT/BTC', False]","['BTT/USDT', True]","['BTC/USDT', False]"
"['BTT/ETH', False]","['BTT/BTC', True]","['ETH/BTC', False]"
"['BTT/ETH', False]","['BTT/TRX', True]","['ETH/TRX', False]"
"['BTT/ETH', False]","['BTT/TRX', True]","['TRX/ETH', True]"
"['BTT/ETH', False]","['BTT/USDT', True]","['ETH/USDT', False]"
"['BTT/TRX', False]","['BTT/BTC', True]","['TRX/BTC', False]"
"['BTT/TRX', False]","['BTT/ETH', True]","['ETH/TRX', True]"
"['BTT/TRX', False]","['BTT/ETH', True]","['TRX/ETH', False]"
"['BTT/TRX', False]","['BTT/USDT', True]","['TRX/USDT', False]"
"['BTT/USDT', False]","['BTT/BTC', True]","['BTC/USDT', True]"
"['BTT/USDT', False]","['BTT/ETH', True]","['ETH/USDT', True]"
"['BTT/USDT', False]","['BTT/TRX', True]","['TRX/USDT', True]"
"['BU/BTC', False]","['BU/ETH', True]","['ETH/BTC', True]"
"['BU/ETH', False]","['BU/BTC', True]","['ETH/BTC', False]"
"['CAPP/BTC', False]","['CAPP/ETH', True]","['ETH/BTC', True]"
"['CAPP/ETH', False]","['CAPP/BTC', True]","['ETH/BTC', False]"
"['CAS/BTC', False]","['CAS/USDT', True]","['BTC/USDT', False]"
"['CAS/USDT', False]","['CAS/BTC', True]","['BTC/USDT', True]"
"['CBC/BTC', False]","['CBC/ETH', True]","['ETH/BTC', True]"
"['CBC/ETH', False]","['CBC/BTC', True]","['ETH/BTC', False]"
"['CHR/BTC', False]","['CHR/USDT', True]","['BTC/USDT', False]"
"['CHR/USDT', False]","['CHR/BTC', True]","['BTC/USDT', True]"
"['CHSB/BTC', False]","['CHSB/ETH', True]","['ETH/BTC', True]"
"['CHSB/ETH', False]","['CHSB/BTC', True]","['ETH/BTC', False]"
"['CKB/BTC', False]","['CKB/USDT', True]","['BTC/USDT', False]"
"['CKB/USDT', False]","['CKB/BTC', True]","['BTC/USDT', True]"
"['COFI/BTC', False]","['COFI/ETH', True]","['ETH/BTC', True]"
"['COFI/ETH', False]","['COFI/BTC', True]","['ETH/BTC', False]"
"['COTI/BTC', False]","['COTI/USDT', True]","['BTC/USDT', False]"
"['COTI/USDT', False]","['COTI/BTC', True]","['BTC/USDT', True]"
"['COV/BTC', False]","['COV/ETH', True]","['ETH/BTC', True]"
"['COV/ETH', False]","['COV/BTC', True]","['ETH/BTC', False]"
"['CPC/BTC', False]","['CPC/ETH', True]","['ETH/BTC', True]"
"['CPC/ETH', False]","['CPC/BTC', True]","['ETH/BTC', False]"
"['CRO/BTC', False]","['CRO/USDT', True]","['BTC/USDT', False]"
"['CRO/USDT', False]","['CRO/BTC', True]","['BTC/USDT', True]"
"['CRPT/BTC', False]","['CRPT/ETH', True]","['ETH/BTC', True]"
"['CRPT/ETH', False]","['CRPT/BTC', True]","['ETH/BTC', False]"
"['CS/BTC', False]","['CS/ETH', True]","['ETH/BTC', True]"
"['CS/BTC', False]","['CS/KCS', True]","['KCS/BTC', True]"
"['CS/ETH', False]","['CS/BTC', True]","['ETH/BTC', False]"
"['CS/ETH', False]","['CS/KCS', True]","['KCS/ETH', True]"
"['CS/KCS', False]","['CS/BTC', True]","['KCS/BTC', False]"
"['CS/KCS', False]","['CS/ETH', True]","['KCS/ETH', False]"
"['CSP/BTC', False]","['CSP/ETH', True]","['ETH/BTC', True]"
"['CSP/ETH', False]","['CSP/BTC', True]","['ETH/BTC', False]"
"['CTI/ETH', False]","['CTI/USDT', True]","['ETH/USDT', False]"
"['CTI/USDT', False]","['CTI/ETH', True]","['ETH/USDT', True]"
"['CV/BTC', False]","['CV/ETH', True]","['ETH/BTC', True]"
"['CV/ETH', False]","['CV/BTC', True]","['ETH/BTC', False]"
"['CXO/BTC', False]","['CXO/ETH', True]","['ETH/BTC', True]"
"['CXO/ETH', False]","['CXO/BTC', True]","['ETH/BTC', False]"
"['DACC/BTC', False]","['DACC/ETH', True]","['ETH/BTC', True]"
"['DACC/ETH', False]","['DACC/BTC', True]","['ETH/BTC', False]"
"['DAG/BTC', False]","['DAG/ETH', True]","['ETH/BTC', True]"
"['DAG/BTC', False]","['DAG/USDT', True]","['BTC/USDT', False]"
"['DAG/ETH', False]","['DAG/BTC', True]","['ETH/BTC', False]"
"['DAG/ETH', False]","['DAG/USDT', True]","['ETH/USDT', False]"
"['DAG/USDT', False]","['DAG/BTC', True]","['BTC/USDT', True]"
"['DAG/USDT', False]","['DAG/ETH', True]","['ETH/USDT', True]"
"['DAPPT/BTC', False]","['DAPPT/USDT', True]","['BTC/USDT', False]"
"['DAPPT/USDT', False]","['DAPPT/BTC', True]","['BTC/USDT', True]"
"['DASH/BTC', False]","['DASH/ETH', True]","['ETH/BTC', True]"
"['DASH/BTC', False]","['DASH/KCS', True]","['KCS/BTC', True]"
"['DASH/BTC', False]","['DASH/USDT', True]","['BTC/USDT', False]"
"['DASH/ETH', False]","['DASH/BTC', True]","['ETH/BTC', False]"
"['DASH/ETH', False]","['DASH/KCS', True]","['ETH/KCS', False]"
"['DASH/ETH', False]","['DASH/KCS', True]","['KCS/ETH', True]"
"['DASH/ETH', False]","['DASH/USDT', True]","['ETH/USDT', False]"
"['DASH/KCS', False]","['DASH/BTC', True]","['KCS/BTC', False]"
"['DASH/KCS', False]","['DASH/ETH', True]","['ETH/KCS', True]"
"['DASH/KCS', False]","['DASH/ETH', True]","['KCS/ETH', False]"
"['DASH/KCS', False]","['DASH/USDT', True]","['KCS/USDT', False]"
"['DASH/USDT', False]","['DASH/BTC', True]","['BTC/USDT', True]"
"['DASH/USDT', False]","['DASH/ETH', True]","['ETH/USDT', True]"
"['DASH/USDT', False]","['DASH/KCS', True]","['KCS/USDT', True]"
"['DATX/BTC', False]","['DATX/ETH', True]","['ETH/BTC', True]"
"['DATX/ETH', False]","['DATX/BTC', True]","['ETH/BTC', False]"
"['DBC/BTC', False]","['DBC/ETH', True]","['ETH/BTC', True]"
"['DBC/ETH', False]","['DBC/BTC', True]","['ETH/BTC', False]"
"['DCR/BTC', False]","['DCR/ETH', True]","['ETH/BTC', True]"
"['DCR/ETH', False]","['DCR/BTC', True]","['ETH/BTC', False]"
"['DEGO/ETH', False]","['DEGO/USDT', True]","['ETH/USDT', False]"
"['DEGO/USDT', False]","['DEGO/ETH', True]","['ETH/USDT', True]"
"['DENT/BTC', False]","['DENT/ETH', True]","['ETH/BTC', True]"
"['DENT/ETH', False]","['DENT/BTC', True]","['ETH/BTC', False]"
"['DERO/BTC', False]","['DERO/USDT', True]","['BTC/USDT', False]"
"['DERO/USDT', False]","['DERO/BTC', True]","['BTC/USDT', True]"
"['DFI/BTC', False]","['DFI/USDT', True]","['BTC/USDT', False]"
"['DFI/USDT', False]","['DFI/BTC', True]","['BTC/USDT', True]"
"['DGB/BTC', False]","['DGB/ETH', True]","['ETH/BTC', True]"
"['DGB/BTC', False]","['DGB/USDT', True]","['BTC/USDT', False]"
"['DGB/ETH', False]","['DGB/BTC', True]","['ETH/BTC', False]"
"['DGB/ETH', False]","['DGB/USDT', True]","['ETH/USDT', False]"
"['DGB/USDT', False]","['DGB/BTC', True]","['BTC/USDT', True]"
"['DGB/USDT', False]","['DGB/ETH', True]","['ETH/USDT', True]"
"['DGTX/BTC', False]","['DGTX/ETH', True]","['ETH/BTC', True]"
"['DGTX/ETH', False]","['DGTX/BTC', True]","['ETH/BTC', False]"
"['DIA/BTC', False]","['DIA/USDT', True]","['BTC/USDT', False]"
"['DIA/USDT', False]","['DIA/BTC', True]","['BTC/USDT', True]"
"['DOCK/BTC', False]","['DOCK/ETH', True]","['ETH/BTC', True]"
"['DOCK/ETH', False]","['DOCK/BTC', True]","['ETH/BTC', False]"
"['DOGE/BTC', False]","['DOGE/KCS', True]","['KCS/BTC', True]"
"['DOGE/BTC', False]","['DOGE/USDC', True]","['BTC/USDC', False]"
"['DOGE/BTC', False]","['DOGE/USDT', True]","['BTC/USDT', False]"
"['DOGE/KCS', False]","['DOGE/BTC', True]","['KCS/BTC', False]"
"['DOGE/KCS', False]","['DOGE/USDC', True]","['KCS/USDC', False]"
"['DOGE/KCS', False]","['DOGE/USDT', True]","['KCS/USDT', False]"
"['DOGE/USDC', False]","['DOGE/BTC', True]","['BTC/USDC', True]"
"['DOGE/USDC', False]","['DOGE/KCS', True]","['KCS/USDC', True]"
"['DOGE/USDC', False]","['DOGE/USDT', True]","['USDC/USDT', False]"
"['DOGE/USDC', False]","['DOGE/USDT', True]","['USDT/USDC', True]"
"['DOGE/USDT', False]","['DOGE/BTC', True]","['BTC/USDT', True]"
"['DOGE/USDT', False]","['DOGE/KCS', True]","['KCS/USDT', True]"
"['DOGE/USDT', False]","['DOGE/USDC', True]","['USDC/USDT', True]"
"['DOGE/USDT', False]","['DOGE/USDC', True]","['USDT/USDC', False]"
"['DOT/BTC', False]","['DOT/KCS', True]","['KCS/BTC', True]"
"['DOT/BTC', False]","['DOT/USDT', True]","['BTC/USDT', False]"
"['DOT/BTC', False]","['DOT/UST', True]","['BTC/UST', False]"
"['DOT/KCS', False]","['DOT/BTC', True]","['KCS/BTC', False]"
"['DOT/KCS', False]","['DOT/USDT', True]","['KCS/USDT', False]"
"['DOT/KCS', False]","['DOT/UST', True]","['KCS/UST', False]"
"['DOT/USDT', False]","['DOT/BTC', True]","['BTC/USDT', True]"
"['DOT/USDT', False]","['DOT/KCS', True]","['KCS/USDT', True]"
"['DOT/USDT', False]","['DOT/UST', True]","['USDT/UST', False]"
"['DOT/UST', False]","['DOT/BTC', True]","['BTC/UST', True]"
"['DOT/UST', False]","['DOT/KCS', True]","['KCS/UST', True]"
"['DOT/UST', False]","['DOT/USDT', True]","['USDT/UST', True]"
"['DRGN/BTC', False]","['DRGN/ETH', True]","['ETH/BTC', True]"
"['DRGN/ETH', False]","['DRGN/BTC', True]","['ETH/BTC', False]"
"['DX/BTC', False]","['DX/ETH', True]","['ETH/BTC', True]"
"['DX/ETH', False]","['DX/BTC', True]","['ETH/BTC', False]"
"['EDN/BTC', False]","['EDN/ETH', True]","['ETH/BTC', True]"
"['EDN/ETH', False]","['EDN/BTC', True]","['ETH/BTC', False]"
"['ELA/BTC', False]","['ELA/ETH', True]","['ETH/BTC', True]"
"['ELA/ETH', False]","['ELA/BTC', True]","['ETH/BTC', False]"
"['ELF/BTC', False]","['ELF/ETH', True]","['ETH/BTC', True]"
"['ELF/ETH', False]","['ELF/BTC', True]","['ETH/BTC', False]"
"['ENJ/BTC', False]","['ENJ/ETH', True]","['ETH/BTC', True]"
"['ENJ/ETH', False]","['ENJ/BTC', True]","['ETH/BTC', False]"
"['ENQ/BTC', False]","['ENQ/USDT', True]","['BTC/USDT', False]"
"['ENQ/USDT', False]","['ENQ/BTC', True]","['BTC/USDT', True]"
"['EOS/BTC', False]","['EOS/ETH', True]","['ETH/BTC', True]"
"['EOS/BTC', False]","['EOS/KCS', True]","['KCS/BTC', True]"
"['EOS/BTC', False]","['EOS/USDC', True]","['BTC/USDC', False]"
"['EOS/BTC', False]","['EOS/USDT', True]","['BTC/USDT', False]"
"['EOS/ETH', False]","['EOS/BTC', True]","['ETH/BTC', False]"
"['EOS/ETH', False]","['EOS/KCS', True]","['ETH/KCS', False]"
"['EOS/ETH', False]","['EOS/KCS', True]","['KCS/ETH', True]"
"['EOS/ETH', False]","['EOS/USDC', True]","['ETH/USDC', False]"
"['EOS/ETH', False]","['EOS/USDT', True]","['ETH/USDT', False]"
"['EOS/KCS', False]","['EOS/BTC', True]","['KCS/BTC', False]"
"['EOS/KCS', False]","['EOS/ETH', True]","['ETH/KCS', True]"
"['EOS/KCS', False]","['EOS/ETH', True]","['KCS/ETH', False]"
"['EOS/KCS', False]","['EOS/USDC', True]","['KCS/USDC', False]"
"['EOS/KCS', False]","['EOS/USDT', True]","['KCS/USDT', False]"
"['EOS/USDC', False]","['EOS/BTC', True]","['BTC/USDC', True]"
"['EOS/USDC', False]","['EOS/ETH', True]","['ETH/USDC', True]"
"['EOS/USDC', False]","['EOS/KCS', True]","['KCS/USDC', True]"
"['EOS/USDC', False]","['EOS/USDT', True]","['USDC/USDT', False]"
"['EOS/USDC', False]","['EOS/USDT', True]","['USDT/USDC', True]"
"['EOS/USDT', False]","['EOS/BTC', True]","['BTC/USDT', True]"
"['EOS/USDT', False]","['EOS/ETH', True]","['ETH/USDT', True]"
"['EOS/USDT', False]","['EOS/KCS', True]","['KCS/USDT', True]"
"['EOS/USDT', False]","['EOS/USDC', True]","['USDC/USDT', True]"
"['EOS/USDT', False]","['EOS/USDC', True]","['USDT/USDC', False]"
"['ETC/BTC', False]","['ETC/ETH', True]","['ETH/BTC', True]"
"['ETC/BTC', False]","['ETC/USDT', True]","['BTC/USDT', False]"
"['ETC/ETH', False]","['ETC/BTC', True]","['ETH/BTC', False]"
"['ETC/ETH', False]","['ETC/USDT', True]","['ETH/USDT', False]"
"['ETC/USDT', False]","['ETC/BTC', True]","['BTC/USDT', True]"
"['ETC/USDT', False]","['ETC/ETH', True]","['ETH/USDT', True]"
"['ETH/BTC', False]","['ETH/DAI', True]","['BTC/DAI', False]"
"['ETH/BTC', False]","['ETH/PAX', True]","['BTC/PAX', False]"
"['ETH/BTC', False]","['ETH/TUSD', True]","['BTC/TUSD', False]"
"['ETH/BTC', False]","['ETH/USDC', True]","['BTC/USDC', False]"
"['ETH/BTC', False]","['ETH/USDT', True]","['BTC/USDT', False]"
"['ETH/BTC', False]","['ETH/UST', True]","['BTC/UST', False]"
"['ETH/DAI', False]","['ETH/BTC', True]","['BTC/DAI', True]"
"['ETH/DAI', False]","['ETH/PAX', True]","['DAI/PAX', False]"
"['ETH/DAI', False]","['ETH/TUSD', True]","['DAI/TUSD', False]"
"['ETH/DAI', False]","['ETH/USDC', True]","['DAI/USDC', False]"
"['ETH/DAI', False]","['ETH/USDT', True]","['DAI/USDT', False]"
"['ETH/DAI', False]","['ETH/USDT', True]","['USDT/DAI', True]"
"['ETH/DAI', False]","['ETH/UST', True]","['UST/DAI', True]"
"['ETH/PAX', False]","['ETH/BTC', True]","['BTC/PAX', True]"
"['ETH/PAX', False]","['ETH/DAI', True]","['DAI/PAX', True]"
"['ETH/PAX', False]","['ETH/TUSD', True]","['TUSD/PAX', True]"
"['ETH/PAX', False]","['ETH/USDC', True]","['USDC/PAX', True]"
"['ETH/PAX', False]","['ETH/USDT', True]","['USDT/PAX', True]"
"['ETH/PAX', False]","['ETH/UST', True]","['UST/PAX', True]"
"['ETH/TUSD', False]","['ETH/BTC', True]","['BTC/TUSD', True]"
"['ETH/TUSD', False]","['ETH/DAI', True]","['DAI/TUSD', True]"
"['ETH/TUSD', False]","['ETH/PAX', True]","['TUSD/PAX', False]"
"['ETH/TUSD', False]","['ETH/USDC', True]","['USDC/TUSD', True]"
"['ETH/TUSD', False]","['ETH/USDT', True]","['USDT/TUSD', True]"
"['ETH/TUSD', False]","['ETH/UST', True]","['UST/TUSD', True]"
"['ETH/USDC', False]","['ETH/BTC', True]","['BTC/USDC', True]"
"['ETH/USDC', False]","['ETH/DAI', True]","['DAI/USDC', True]"
"['ETH/USDC', False]","['ETH/PAX', True]","['USDC/PAX', False]"
"['ETH/USDC', False]","['ETH/TUSD', True]","['USDC/TUSD', False]"
"['ETH/USDC', False]","['ETH/USDT', True]","['USDC/USDT', False]"
"['ETH/USDC', False]","['ETH/USDT', True]","['USDT/USDC', True]"
"['ETH/USDC', False]","['ETH/UST', True]","['USDC/UST', False]"
"['ETH/USDT', False]","['ETH/BTC', True]","['BTC/USDT', True]"
"['ETH/USDT', False]","['ETH/DAI', True]","['DAI/USDT', True]"
"['ETH/USDT', False]","['ETH/DAI', True]","['USDT/DAI', False]"
"['ETH/USDT', False]","['ETH/PAX', True]","['USDT/PAX', False]"
"['ETH/USDT', False]","['ETH/TUSD', True]","['USDT/TUSD', False]"
"['ETH/USDT', False]","['ETH/USDC', True]","['USDC/USDT', True]"
"['ETH/USDT', False]","['ETH/USDC', True]","['USDT/USDC', False]"
"['ETH/USDT', False]","['ETH/UST', True]","['USDT/UST', False]"
"['ETH/UST', False]","['ETH/BTC', True]","['BTC/UST', True]"
"['ETH/UST', False]","['ETH/DAI', True]","['UST/DAI', False]"
"['ETH/UST', False]","['ETH/PAX', True]","['UST/PAX', False]"
"['ETH/UST', False]","['ETH/TUSD', True]","['UST/TUSD', False]"
"['ETH/UST', False]","['ETH/USDC', True]","['USDC/UST', True]"
"['ETH/UST', False]","['ETH/USDT', True]","['USDT/UST', True]"
"['ETN/BTC', False]","['ETN/ETH', True]","['ETH/BTC', True]"
"['ETN/BTC', False]","['ETN/USDT', True]","['BTC/USDT', False]"
"['ETN/ETH', False]","['ETN/BTC', True]","['ETH/BTC', False]"
"['ETN/ETH', False]","['ETN/USDT', True]","['ETH/USDT', False]"
"['ETN/USDT', False]","['ETN/BTC', True]","['BTC/USDT', True]"
"['ETN/USDT', False]","['ETN/ETH', True]","['ETH/USDT', True]"
"['EWT/BTC', False]","['EWT/KCS', True]","['KCS/BTC', True]"
"['EWT/BTC', False]","['EWT/USDT', True]","['BTC/USDT', False]"
"['EWT/KCS', False]","['EWT/BTC', True]","['KCS/BTC', False]"
"['EWT/KCS', False]","['EWT/USDT', True]","['KCS/USDT', False]"
"['EWT/USDT', False]","['EWT/BTC', True]","['BTC/USDT', True]"
"['EWT/USDT', False]","['EWT/KCS', True]","['KCS/USDT', True]"
"['FET/BTC', False]","['FET/ETH', True]","['ETH/BTC', True]"
"['FET/ETH', False]","['FET/BTC', True]","['ETH/BTC', False]"
"['FKX/BTC', False]","['FKX/ETH', True]","['ETH/BTC', True]"
"['FKX/ETH', False]","['FKX/BTC', True]","['ETH/BTC', False]"
"['FORESTPLUS/BTC', False]","['FORESTPLUS/USDT', True]","['BTC/USDT', False]"
"['FORESTPLUS/USDT', False]","['FORESTPLUS/BTC', True]","['BTC/USDT', True]"
"['FRONT/BTC', False]","['FRONT/USDT', True]","['BTC/USDT', False]"
"['FRONT/USDT', False]","['FRONT/BTC', True]","['BTC/USDT', True]"
"['FTM/BTC', False]","['FTM/ETH', True]","['ETH/BTC', True]"
"['FTM/ETH', False]","['FTM/BTC', True]","['ETH/BTC', False]"
"['FX/BTC', False]","['FX/ETH', True]","['ETH/BTC', True]"
"['FX/ETH', False]","['FX/BTC', True]","['ETH/BTC', False]"
"['GAS/BTC', False]","['GAS/USDT', True]","['BTC/USDT', False]"
"['GAS/USDT', False]","['GAS/BTC', True]","['BTC/USDT', True]"
"['GMB/BTC', False]","['GMB/ETH', True]","['ETH/BTC', True]"
"['GMB/ETH', False]","['GMB/BTC', True]","['ETH/BTC', False]"
"['GO/BTC', False]","['GO/ETH', True]","['ETH/BTC', True]"
"['GO/BTC', False]","['GO/KCS', True]","['KCS/BTC', True]"
"['GO/BTC', False]","['GO/USDT', True]","['BTC/USDT', False]"
"['GO/ETH', False]","['GO/BTC', True]","['ETH/BTC', False]"
"['GO/ETH', False]","['GO/KCS', True]","['ETH/KCS', False]"
"['GO/ETH', False]","['GO/KCS', True]","['KCS/ETH', True]"
"['GO/ETH', False]","['GO/USDT', True]","['ETH/USDT', False]"
"['GO/KCS', False]","['GO/BTC', True]","['KCS/BTC', False]"
"['GO/KCS', False]","['GO/ETH', True]","['ETH/KCS', True]"
"['GO/KCS', False]","['GO/ETH', True]","['KCS/ETH', False]"
"['GO/KCS', False]","['GO/USDT', True]","['KCS/USDT', False]"
"['GO/USDT', False]","['GO/BTC', True]","['BTC/USDT', True]"
"['GO/USDT', False]","['GO/ETH', True]","['ETH/USDT', True]"
"['GO/USDT', False]","['GO/KCS', True]","['KCS/USDT', True]"
"['GOM2/BTC', False]","['GOM2/USDT', True]","['BTC/USDT', False]"
"['GOM2/USDT', False]","['GOM2/BTC', True]","['BTC/USDT', True]"
"['GRIN/BTC', False]","['GRIN/ETH', True]","['ETH/BTC', True]"
"['GRIN/BTC', False]","['GRIN/USDT', True]","['BTC/USDT', False]"
"['GRIN/ETH', False]","['GRIN/BTC', True]","['ETH/BTC', False]"
"['GRIN/ETH', False]","['GRIN/USDT', True]","['ETH/USDT', False]"
"['GRIN/USDT', False]","['GRIN/BTC', True]","['BTC/USDT', True]"
"['GRIN/USDT', False]","['GRIN/ETH', True]","['ETH/USDT', True]"
"['GRT/KCS', False]","['GRT/USDT', True]","['KCS/USDT', False]"
"['GRT/USDT', False]","['GRT/KCS', True]","['KCS/USDT', True]"
"['HPB/BTC', False]","['HPB/ETH', True]","['ETH/BTC', True]"
"['HPB/ETH', False]","['HPB/BTC', True]","['ETH/BTC', False]"
"['HTR/BTC', False]","['HTR/USDT', True]","['BTC/USDT', False]"
"['HTR/USDT', False]","['HTR/BTC', True]","['BTC/USDT', True]"
"['IOST/BTC', False]","['IOST/ETH', True]","['ETH/BTC', True]"
"['IOST/ETH', False]","['IOST/BTC', True]","['ETH/BTC', False]"
"['IOTX/BTC', False]","['IOTX/ETH', True]","['ETH/BTC', True]"
"['IOTX/ETH', False]","['IOTX/BTC', True]","['ETH/BTC', False]"
"['JAR/BTC', False]","['JAR/USDT', True]","['BTC/USDT', False]"
"['JAR/USDT', False]","['JAR/BTC', True]","['BTC/USDT', True]"
"['KAI/BTC', False]","['KAI/ETH', True]","['ETH/BTC', True]"
"['KAI/BTC', False]","['KAI/USDT', True]","['BTC/USDT', False]"
"['KAI/ETH', False]","['KAI/BTC', True]","['ETH/BTC', False]"
"['KAI/ETH', False]","['KAI/USDT', True]","['ETH/USDT', False]"
"['KAI/USDT', False]","['KAI/BTC', True]","['BTC/USDT', True]"
"['KAI/USDT', False]","['KAI/ETH', True]","['ETH/USDT', True]"
"['KAT/BTC', False]","['KAT/USDT', True]","['BTC/USDT', False]"
"['KAT/USDT', False]","['KAT/BTC', True]","['BTC/USDT', True]"
"['KCS/BTC', False]","['KCS/ETH', True]","['ETH/BTC', True]"
"['KCS/BTC', False]","['KCS/USDT', True]","['BTC/USDT', False]"
"['KCS/ETH', False]","['KCS/BTC', True]","['ETH/BTC', False]"
"['KCS/ETH', False]","['KCS/USDT', True]","['ETH/USDT', False]"
"['KCS/USDT', False]","['KCS/BTC', True]","['BTC/USDT', True]"
"['KCS/USDT', False]","['KCS/ETH', True]","['ETH/USDT', True]"
"['KEY/BTC', False]","['KEY/ETH', True]","['ETH/BTC', True]"
"['KEY/ETH', False]","['KEY/BTC', True]","['ETH/BTC', False]"
"['KLV/BTC', False]","['KLV/TRX', True]","['TRX/BTC', True]"
"['KLV/BTC', False]","['KLV/USDT', True]","['BTC/USDT', False]"
"['KLV/TRX', False]","['KLV/BTC', True]","['TRX/BTC', False]"
"['KLV/TRX', False]","['KLV/USDT', True]","['TRX/USDT', False]"
"['KLV/USDT', False]","['KLV/BTC', True]","['BTC/USDT', True]"
"['KLV/USDT', False]","['KLV/TRX', True]","['TRX/USDT', True]"
"['KNC/BTC', False]","['KNC/ETH', True]","['ETH/BTC', True]"
"['KNC/ETH', False]","['KNC/BTC', True]","['ETH/BTC', False]"
"['KSM/BTC', False]","['KSM/USDT', True]","['BTC/USDT', False]"
"['KSM/USDT', False]","['KSM/BTC', True]","['BTC/USDT', True]"
"['LINK/BTC', False]","['LINK/KCS', True]","['KCS/BTC', True]"
"['LINK/BTC', False]","['LINK/USDC', True]","['BTC/USDC', False]"
"['LINK/BTC', False]","['LINK/USDT', True]","['BTC/USDT', False]"
"['LINK/KCS', False]","['LINK/BTC', True]","['KCS/BTC', False]"
"['LINK/KCS', False]","['LINK/USDC', True]","['KCS/USDC', False]"
"['LINK/KCS', False]","['LINK/USDT', True]","['KCS/USDT', False]"
"['LINK/USDC', False]","['LINK/BTC', True]","['BTC/USDC', True]"
"['LINK/USDC', False]","['LINK/KCS', True]","['KCS/USDC', True]"
"['LINK/USDC', False]","['LINK/USDT', True]","['USDC/USDT', False]"
"['LINK/USDC', False]","['LINK/USDT', True]","['USDT/USDC', True]"
"['LINK/USDT', False]","['LINK/BTC', True]","['BTC/USDT', True]"
"['LINK/USDT', False]","['LINK/KCS', True]","['KCS/USDT', True]"
"['LINK/USDT', False]","['LINK/USDC', True]","['USDC/USDT', True]"
"['LINK/USDT', False]","['LINK/USDC', True]","['USDT/USDC', False]"
"['LOKI/BTC', False]","['LOKI/ETH', True]","['ETH/BTC', True]"
"['LOKI/BTC', False]","['LOKI/USDT', True]","['BTC/USDT', False]"
"['LOKI/ETH', False]","['LOKI/BTC', True]","['ETH/BTC', False]"
"['LOKI/ETH', False]","['LOKI/USDT', True]","['ETH/USDT', False]"
"['LOKI/USDT', False]","['LOKI/BTC', True]","['BTC/USDT', True]"
"['LOKI/USDT', False]","['LOKI/ETH', True]","['ETH/USDT', True]"
"['LOOM/BTC', False]","['LOOM/ETH', True]","['ETH/BTC', True]"
"['LOOM/ETH', False]","['LOOM/BTC', True]","['ETH/BTC', False]"
"['LSK/BTC', False]","['LSK/ETH', True]","['ETH/BTC', True]"
"['LSK/ETH', False]","['LSK/BTC', True]","['ETH/BTC', False]"
"['LTC/BTC', False]","['LTC/ETH', True]","['ETH/BTC', True]"
"['LTC/BTC', False]","['LTC/KCS', True]","['KCS/BTC', True]"
"['LTC/BTC', False]","['LTC/USDC', True]","['BTC/USDC', False]"
"['LTC/BTC', False]","['LTC/USDT', True]","['BTC/USDT', False]"
"['LTC/ETH', False]","['LTC/BTC', True]","['ETH/BTC', False]"
"['LTC/ETH', False]","['LTC/KCS', True]","['ETH/KCS', False]"
"['LTC/ETH', False]","['LTC/KCS', True]","['KCS/ETH', True]"
"['LTC/ETH', False]","['LTC/USDC', True]","['ETH/USDC', False]"
"['LTC/ETH', False]","['LTC/USDT', True]","['ETH/USDT', False]"
"['LTC/KCS', False]","['LTC/BTC', True]","['KCS/BTC', False]"
"['LTC/KCS', False]","['LTC/ETH', True]","['ETH/KCS', True]"
"['LTC/KCS', False]","['LTC/ETH', True]","['KCS/ETH', False]"
"['LTC/KCS', False]","['LTC/USDC', True]","['KCS/USDC', False]"
"['LTC/KCS', False]","['LTC/USDT', True]","['KCS/USDT', False]"
"['LTC/USDC', False]","['LTC/BTC', True]","['BTC/USDC', True]"
"['LTC/USDC', False]","['LTC/ETH', True]","['ETH/USDC', True]"
"['LTC/USDC', False]","['LTC/KCS', True]","['KCS/USDC', True]"
"['LTC/USDC', False]","['LTC/USDT', True]","['USDC/USDT', False]"
"['LTC/USDC', False]","['LTC/USDT', True]","['USDT/USDC', True]"
"['LTC/USDT', False]","['LTC/BTC', True]","['BTC/USDT', True]"
"['LTC/USDT', False]","['LTC/ETH', True]","['ETH/USDT', True]"
"['LTC/USDT', False]","['LTC/KCS', True]","['KCS/USDT', True]"
"['LTC/USDT', False]","['LTC/USDC', True]","['USDC/USDT', True]"
"['LTC/USDT', False]","['LTC/USDC', True]","['USDT/USDC', False]"
"['LTX/BTC', False]","['LTX/USDT', True]","['BTC/USDT', False]"
"['LTX/USDT', False]","['LTX/BTC', True]","['BTC/USDT', True]"
"['LUNA/BTC', False]","['LUNA/KCS', True]","['KCS/BTC', True]"
"['LUNA/BTC', False]","['LUNA/USDT', True]","['BTC/USDT', False]"
"['LUNA/BTC', False]","['LUNA/UST', True]","['BTC/UST', False]"
"['LUNA/KCS', False]","['LUNA/BTC', True]","['KCS/BTC', False]"
"['LUNA/KCS', False]","['LUNA/USDT', True]","['KCS/USDT', False]"
"['LUNA/KCS', False]","['LUNA/UST', True]","['KCS/UST', False]"
"['LUNA/USDT', False]","['LUNA/BTC', True]","['BTC/USDT', True]"
"['LUNA/USDT', False]","['LUNA/KCS', True]","['KCS/USDT', True]"
"['LUNA/USDT', False]","['LUNA/UST', True]","['USDT/UST', False]"
"['LUNA/UST', False]","['LUNA/BTC', True]","['BTC/UST', True]"
"['LUNA/UST', False]","['LUNA/KCS', True]","['KCS/UST', True]"
"['LUNA/UST', False]","['LUNA/USDT', True]","['USDT/UST', True]"
"['LYM/BTC', False]","['LYM/ETH', True]","['ETH/BTC', True]"
"['LYM/BTC', False]","['LYM/USDT', True]","['BTC/USDT', False]"
"['LYM/ETH', False]","['LYM/BTC', True]","['ETH/BTC', False]"
"['LYM/ETH', False]","['LYM/USDT', True]","['ETH/USDT', False]"
"['LYM/USDT', False]","['LYM/BTC', True]","['BTC/USDT', True]"
"['LYM/USDT', False]","['LYM/ETH', True]","['ETH/USDT', True]"
"['LYXE/ETH', False]","['LYXE/USDT', True]","['ETH/USDT', False]"
"['LYXE/USDT', False]","['LYXE/ETH', True]","['ETH/USDT', True]"
"['MAN/BTC', False]","['MAN/ETH', True]","['ETH/BTC', True]"
"['MAN/ETH', False]","['MAN/BTC', True]","['ETH/BTC', False]"
"['MANA/BTC', False]","['MANA/ETH', True]","['ETH/BTC', True]"
"['MANA/ETH', False]","['MANA/BTC', True]","['ETH/BTC', False]"
"['MAP/BTC', False]","['MAP/USDT', True]","['BTC/USDT', False]"
"['MAP/USDT', False]","['MAP/BTC', True]","['BTC/USDT', True]"
"['MHC/BTC', False]","['MHC/ETH', True]","['ETH/BTC', True]"
"['MHC/BTC', False]","['MHC/USDT', True]","['BTC/USDT', False]"
"['MHC/ETH', False]","['MHC/BTC', True]","['ETH/BTC', False]"
"['MHC/ETH', False]","['MHC/USDT', True]","['ETH/USDT', False]"
"['MHC/USDT', False]","['MHC/BTC', True]","['BTC/USDT', True]"
"['MHC/USDT', False]","['MHC/ETH', True]","['ETH/USDT', True]"
"['MIR/KCS', False]","['MIR/USDT', True]","['KCS/USDT', False]"
"['MIR/KCS', False]","['MIR/UST', True]","['KCS/UST', False]"
"['MIR/USDT', False]","['MIR/KCS', True]","['KCS/USDT', True]"
"['MIR/USDT', False]","['MIR/UST', True]","['USDT/UST', False]"
"['MIR/UST', False]","['MIR/KCS', True]","['KCS/UST', True]"
"['MIR/UST', False]","['MIR/USDT', True]","['USDT/UST', True]"
"['MITX/BTC', False]","['MITX/USDT', True]","['BTC/USDT', False]"
"['MITX/USDT', False]","['MITX/BTC', True]","['BTC/USDT', True]"
"['MKR/BTC', False]","['MKR/DAI', True]","['BTC/DAI', False]"
"['MKR/BTC', False]","['MKR/ETH', True]","['BTC/ETH', False]"
"['MKR/BTC', False]","['MKR/ETH', True]","['ETH/BTC', True]"
"['MKR/BTC', False]","['MKR/USDT', True]","['BTC/USDT', False]"
"['MKR/DAI', False]","['MKR/BTC', True]","['BTC/DAI', True]"
"['MKR/DAI', False]","['MKR/ETH', True]","['DAI/ETH', False]"
"['MKR/DAI', False]","['MKR/ETH', True]","['ETH/DAI', True]"
"['MKR/DAI', False]","['MKR/USDT', True]","['USDT/DAI', True]"
"['MKR/ETH', False]","['MKR/BTC', True]","['BTC/ETH', True]"
"['MKR/ETH', False]","['MKR/BTC', True]","['ETH/BTC', False]"
"['MKR/ETH', False]","['MKR/DAI', True]","['DAI/ETH', True]"
"['MKR/ETH', False]","['MKR/DAI', True]","['ETH/DAI', False]"
"['MKR/ETH', False]","['MKR/USDT', True]","['ETH/USDT', False]"
"['MKR/USDT', False]","['MKR/BTC', True]","['BTC/USDT', True]"
"['MKR/USDT', False]","['MKR/DAI', True]","['USDT/DAI', False]"
"['MKR/USDT', False]","['MKR/ETH', True]","['ETH/USDT', True]"
"['MLK/BTC', False]","['MLK/USDT', True]","['BTC/USDT', False]"
"['MLK/USDT', False]","['MLK/BTC', True]","['BTC/USDT', True]"
"['MSWAP/BTC', False]","['MSWAP/USDT', True]","['BTC/USDT', False]"
"['MSWAP/USDT', False]","['MSWAP/BTC', True]","['BTC/USDT', True]"
"['MTC/BTC', False]","['MTC/ETH', True]","['ETH/BTC', True]"
"['MTC/ETH', False]","['MTC/BTC', True]","['ETH/BTC', False]"
"['MTV/BTC', False]","['MTV/ETH', True]","['ETH/BTC', True]"
"['MTV/BTC', False]","['MTV/KCS', True]","['KCS/BTC', True]"
"['MTV/BTC', False]","['MTV/USDT', True]","['BTC/USDT', False]"
"['MTV/ETH', False]","['MTV/BTC', True]","['ETH/BTC', False]"
"['MTV/ETH', False]","['MTV/KCS', True]","['ETH/KCS', False]"
"['MTV/ETH', False]","['MTV/KCS', True]","['KCS/ETH', True]"
"['MTV/ETH', False]","['MTV/USDT', True]","['ETH/USDT', False]"
"['MTV/KCS', False]","['MTV/BTC', True]","['KCS/BTC', False]"
"['MTV/KCS', False]","['MTV/ETH', True]","['ETH/KCS', True]"
"['MTV/KCS', False]","['MTV/ETH', True]","['KCS/ETH', False]"
"['MTV/KCS', False]","['MTV/USDT', True]","['KCS/USDT', False]"
"['MTV/USDT', False]","['MTV/BTC', True]","['BTC/USDT', True]"
"['MTV/USDT', False]","['MTV/ETH', True]","['ETH/USDT', True]"
"['MTV/USDT', False]","['MTV/KCS', True]","['KCS/USDT', True]"
"['MVP/BTC', False]","['MVP/ETH', True]","['ETH/BTC', True]"
"['MVP/ETH', False]","['MVP/BTC', True]","['ETH/BTC', False]"
"['MWAT/BTC', False]","['MWAT/ETH', True]","['ETH/BTC', True]"
"['MWAT/ETH', False]","['MWAT/BTC', True]","['ETH/BTC', False]"
"['NANO/BTC', False]","['NANO/ETH', True]","['ETH/BTC', True]"
"['NANO/BTC', False]","['NANO/KCS', True]","['KCS/BTC', True]"
"['NANO/BTC', False]","['NANO/USDT', True]","['BTC/USDT', False]"
"['NANO/ETH', False]","['NANO/BTC', True]","['ETH/BTC', False]"
"['NANO/ETH', False]","['NANO/KCS', True]","['ETH/KCS', False]"
"['NANO/ETH', False]","['NANO/KCS', True]","['KCS/ETH', True]"
"['NANO/ETH', False]","['NANO/USDT', True]","['ETH/USDT', False]"
"['NANO/KCS', False]","['NANO/BTC', True]","['KCS/BTC', False]"
"['NANO/KCS', False]","['NANO/ETH', True]","['ETH/KCS', True]"
"['NANO/KCS', False]","['NANO/ETH', True]","['KCS/ETH', False]"
"['NANO/KCS', False]","['NANO/USDT', True]","['KCS/USDT', False]"
"['NANO/USDT', False]","['NANO/BTC', True]","['BTC/USDT', True]"
"['NANO/USDT', False]","['NANO/ETH', True]","['ETH/USDT', True]"
"['NANO/USDT', False]","['NANO/KCS', True]","['KCS/USDT', True]"
"['NEO/BTC', False]","['NEO/ETH', True]","['ETH/BTC', True]"
"['NEO/BTC', False]","['NEO/KCS', True]","['KCS/BTC', True]"
"['NEO/BTC', False]","['NEO/USDT', True]","['BTC/USDT', False]"
"['NEO/ETH', False]","['NEO/BTC', True]","['ETH/BTC', False]"
"['NEO/ETH', False]","['NEO/KCS', True]","['ETH/KCS', False]"
"['NEO/ETH', False]","['NEO/KCS', True]","['KCS/ETH', True]"
"['NEO/ETH', False]","['NEO/USDT', True]","['ETH/USDT', False]"
"['NEO/KCS', False]","['NEO/BTC', True]","['KCS/BTC', False]"
"['NEO/KCS', False]","['NEO/ETH', True]","['ETH/KCS', True]"
"['NEO/KCS', False]","['NEO/ETH', True]","['KCS/ETH', False]"
"['NEO/KCS', False]","['NEO/USDT', True]","['KCS/USDT', False]"
"['NEO/USDT', False]","['NEO/BTC', True]","['BTC/USDT', True]"
"['NEO/USDT', False]","['NEO/ETH', True]","['ETH/USDT', True]"
"['NEO/USDT', False]","['NEO/KCS', True]","['KCS/USDT', True]"
"['NIM/BTC', False]","['NIM/ETH', True]","['ETH/BTC', True]"
"['NIM/BTC', False]","['NIM/USDT', True]","['BTC/USDT', False]"
"['NIM/ETH', False]","['NIM/BTC', True]","['ETH/BTC', False]"
"['NIM/ETH', False]","['NIM/USDT', True]","['ETH/USDT', False]"
"['NIM/USDT', False]","['NIM/BTC', True]","['BTC/USDT', True]"
"['NIM/USDT', False]","['NIM/ETH', True]","['ETH/USDT', True]"
"['NIX/BTC', False]","['NIX/ETH', True]","['ETH/BTC', True]"
"['NIX/ETH', False]","['NIX/BTC', True]","['ETH/BTC', False]"
"['NOIA/BTC', False]","['NOIA/USDT', True]","['BTC/USDT', False]"
"['NOIA/USDT', False]","['NOIA/BTC', True]","['BTC/USDT', True]"
"['NPXS/BTC', False]","['NPXS/ETH', True]","['ETH/BTC', True]"
"['NPXS/ETH', False]","['NPXS/BTC', True]","['ETH/BTC', False]"
"['NRG/BTC', False]","['NRG/ETH', True]","['ETH/BTC', True]"
"['NRG/ETH', False]","['NRG/BTC', True]","['ETH/BTC', False]"
"['NULS/BTC', False]","['NULS/ETH', True]","['ETH/BTC', True]"
"['NULS/ETH', False]","['NULS/BTC', True]","['ETH/BTC', False]"
"['NWC/BTC', False]","['NWC/USDT', True]","['BTC/USDT', False]"
"['NWC/USDT', False]","['NWC/BTC', True]","['BTC/USDT', True]"
"['OCEAN/BTC', False]","['OCEAN/ETH', True]","['ETH/BTC', True]"
"['OCEAN/ETH', False]","['OCEAN/BTC', True]","['ETH/BTC', False]"
"['OLT/BTC', False]","['OLT/ETH', True]","['ETH/BTC', True]"
"['OLT/ETH', False]","['OLT/BTC', True]","['ETH/BTC', False]"
"['OMG/BTC', False]","['OMG/ETH', True]","['ETH/BTC', True]"
"['OMG/ETH', False]","['OMG/BTC', True]","['ETH/BTC', False]"
"['ONE/BTC', False]","['ONE/USDT', True]","['BTC/USDT', False]"
"['ONE/USDT', False]","['ONE/BTC', True]","['BTC/USDT', True]"
"['ONT/BTC', False]","['ONT/ETH', True]","['ETH/BTC', True]"
"['ONT/BTC', False]","['ONT/USDT', True]","['BTC/USDT', False]"
"['ONT/ETH', False]","['ONT/BTC', True]","['ETH/BTC', False]"
"['ONT/ETH', False]","['ONT/USDT', True]","['ETH/USDT', False]"
"['ONT/USDT', False]","['ONT/BTC', True]","['BTC/USDT', True]"
"['ONT/USDT', False]","['ONT/ETH', True]","['ETH/USDT', True]"
"['OPCT/BTC', False]","['OPCT/ETH', True]","['ETH/BTC', True]"
"['OPCT/ETH', False]","['OPCT/BTC', True]","['ETH/BTC', False]"
"['OPEN/BTC', False]","['OPEN/ETH', True]","['ETH/BTC', True]"
"['OPEN/ETH', False]","['OPEN/BTC', True]","['ETH/BTC', False]"
"['PHA/ETH', False]","['PHA/USDT', True]","['ETH/USDT', False]"
"['PHA/USDT', False]","['PHA/ETH', True]","['ETH/USDT', True]"
"['PIVX/BTC', False]","['PIVX/ETH', True]","['ETH/BTC', True]"
"['PIVX/BTC', False]","['PIVX/USDT', True]","['BTC/USDT', False]"
"['PIVX/ETH', False]","['PIVX/BTC', True]","['ETH/BTC', False]"
"['PIVX/ETH', False]","['PIVX/USDT', True]","['ETH/USDT', False]"
"['PIVX/USDT', False]","['PIVX/BTC', True]","['BTC/USDT', True]"
"['PIVX/USDT', False]","['PIVX/ETH', True]","['ETH/USDT', True]"
"['PLAY/BTC', False]","['PLAY/ETH', True]","['ETH/BTC', True]"
"['PLAY/ETH', False]","['PLAY/BTC', True]","['ETH/BTC', False]"
"['PMGT/BTC', False]","['PMGT/USDT', True]","['BTC/USDT', False]"
"['PMGT/USDT', False]","['PMGT/BTC', True]","['BTC/USDT', True]"
"['POWR/BTC', False]","['POWR/ETH', True]","['ETH/BTC', True]"
"['POWR/ETH', False]","['POWR/BTC', True]","['ETH/BTC', False]"
"['PPT/BTC', False]","['PPT/ETH', True]","['ETH/BTC', True]"
"['PPT/ETH', False]","['PPT/BTC', True]","['ETH/BTC', False]"
"['PRE/BTC', False]","['PRE/USDT', True]","['BTC/USDT', False]"
"['PRE/USDT', False]","['PRE/BTC', True]","['BTC/USDT', True]"
"['PROPS/BTC', False]","['PROPS/USDT', True]","['BTC/USDT', False]"
"['PROPS/USDT', False]","['PROPS/BTC', True]","['BTC/USDT', True]"
"['QKC/BTC', False]","['QKC/ETH', True]","['ETH/BTC', True]"
"['QKC/ETH', False]","['QKC/BTC', True]","['ETH/BTC', False]"
"['R/BTC', False]","['R/USDT', True]","['BTC/USDT', False]"
"['R/USDT', False]","['R/BTC', True]","['BTC/USDT', True]"
"['REQ/BTC', False]","['REQ/ETH', True]","['ETH/BTC', True]"
"['REQ/ETH', False]","['REQ/BTC', True]","['ETH/BTC', False]"
"['REVV/BTC', False]","['REVV/USDT', True]","['BTC/USDT', False]"
"['REVV/USDT', False]","['REVV/BTC', True]","['BTC/USDT', True]"
"['SENSO/BTC', False]","['SENSO/USDT', True]","['BTC/USDT', False]"
"['SENSO/USDT', False]","['SENSO/BTC', True]","['BTC/USDT', True]"
"['SHA/BTC', False]","['SHA/USDT', True]","['BTC/USDT', False]"
"['SHA/USDT', False]","['SHA/BTC', True]","['BTC/USDT', True]"
"['SHR/BTC', False]","['SHR/USDT', True]","['BTC/USDT', False]"
"['SHR/USDT', False]","['SHR/BTC', True]","['BTC/USDT', True]"
"['SNT/BTC', False]","['SNT/ETH', True]","['ETH/BTC', True]"
"['SNT/ETH', False]","['SNT/BTC', True]","['ETH/BTC', False]"
"['SNTVT/BTC', False]","['SNTVT/ETH', True]","['ETH/BTC', True]"
"['SNTVT/ETH', False]","['SNTVT/BTC', True]","['ETH/BTC', False]"
"['SNX/BTC', False]","['SNX/ETH', True]","['ETH/BTC', True]"
"['SNX/BTC', False]","['SNX/USDT', True]","['BTC/USDT', False]"
"['SNX/BTC', False]","['SNX/UST', True]","['BTC/UST', False]"
"['SNX/ETH', False]","['SNX/BTC', True]","['ETH/BTC', False]"
"['SNX/ETH', False]","['SNX/USDT', True]","['ETH/USDT', False]"
"['SNX/ETH', False]","['SNX/UST', True]","['ETH/UST', False]"
"['SNX/USDT', False]","['SNX/BTC', True]","['BTC/USDT', True]"
"['SNX/USDT', False]","['SNX/ETH', True]","['ETH/USDT', True]"
"['SNX/USDT', False]","['SNX/UST', True]","['USDT/UST', False]"
"['SNX/UST', False]","['SNX/BTC', True]","['BTC/UST', True]"
"['SNX/UST', False]","['SNX/ETH', True]","['ETH/UST', True]"
"['SNX/UST', False]","['SNX/USDT', True]","['USDT/UST', True]"
"['SOUL/BTC', False]","['SOUL/ETH', True]","['ETH/BTC', True]"
"['SOUL/ETH', False]","['SOUL/BTC', True]","['ETH/BTC', False]"
"['SPND/BTC', False]","['SPND/ETH', True]","['ETH/BTC', True]"
"['SPND/ETH', False]","['SPND/BTC', True]","['ETH/BTC', False]"
"['SRK/BTC', False]","['SRK/USDT', True]","['BTC/USDT', False]"
"['SRK/USDT', False]","['SRK/BTC', True]","['BTC/USDT', True]"
"['STX/BTC', False]","['STX/USDT', True]","['BTC/USDT', False]"
"['STX/USDT', False]","['STX/BTC', True]","['BTC/USDT', True]"
"['SUKU/BTC', False]","['SUKU/USDT', True]","['BTC/USDT', False]"
"['SUKU/USDT', False]","['SUKU/BTC', True]","['BTC/USDT', True]"
"['SUSD/BTC', False]","['SUSD/ETH', True]","['ETH/BTC', True]"
"['SUSD/BTC', False]","['SUSD/USDT', True]","['BTC/USDT', False]"
"['SUSD/ETH', False]","['SUSD/BTC', True]","['ETH/BTC', False]"
"['SUSD/ETH', False]","['SUSD/USDT', True]","['ETH/USDT', False]"
"['SUSD/USDT', False]","['SUSD/BTC', True]","['BTC/USDT', True]"
"['SUSD/USDT', False]","['SUSD/ETH', True]","['ETH/USDT', True]"
"['SUTER/BTC', False]","['SUTER/USDT', True]","['BTC/USDT', False]"
"['SUTER/USDT', False]","['SUTER/BTC', True]","['BTC/USDT', True]"
"['SWINGBY/BTC', False]","['SWINGBY/USDT', True]","['BTC/USDT', False]"
"['SWINGBY/USDT', False]","['SWINGBY/BTC', True]","['BTC/USDT', True]"
"['SXP/BTC', False]","['SXP/USDT', True]","['BTC/USDT', False]"
"['SXP/USDT', False]","['SXP/BTC', True]","['BTC/USDT', True]"
"['TEL/BTC', False]","['TEL/ETH', True]","['ETH/BTC', True]"
"['TEL/BTC', False]","['TEL/USDT', True]","['BTC/USDT', False]"
"['TEL/ETH', False]","['TEL/BTC', True]","['ETH/BTC', False]"
"['TEL/ETH', False]","['TEL/USDT', True]","['ETH/USDT', False]"
"['TEL/USDT', False]","['TEL/BTC', True]","['BTC/USDT', True]"
"['TEL/USDT', False]","['TEL/ETH', True]","['ETH/USDT', True]"
"['TIME/BTC', False]","['TIME/ETH', True]","['ETH/BTC', True]"
"['TIME/ETH', False]","['TIME/BTC', True]","['ETH/BTC', False]"
"['TKY/BTC', False]","['TKY/ETH', True]","['ETH/BTC', True]"
"['TKY/BTC', False]","['TKY/USDT', True]","['BTC/USDT', False]"
"['TKY/ETH', False]","['TKY/BTC', True]","['ETH/BTC', False]"
"['TKY/ETH', False]","['TKY/USDT', True]","['ETH/USDT', False]"
"['TKY/USDT', False]","['TKY/BTC', True]","['BTC/USDT', True]"
"['TKY/USDT', False]","['TKY/ETH', True]","['ETH/USDT', True]"
"['TOKO/BTC', False]","['TOKO/USDT', True]","['BTC/USDT', False]"
"['TOKO/USDT', False]","['TOKO/BTC', True]","['BTC/USDT', True]"
"['TOMO/BTC', False]","['TOMO/ETH', True]","['ETH/BTC', True]"
"['TOMO/BTC', False]","['TOMO/USDT', True]","['BTC/USDT', False]"
"['TOMO/ETH', False]","['TOMO/BTC', True]","['ETH/BTC', False]"
"['TOMO/ETH', False]","['TOMO/USDT', True]","['ETH/USDT', False]"
"['TOMO/USDT', False]","['TOMO/BTC', True]","['BTC/USDT', True]"
"['TOMO/USDT', False]","['TOMO/ETH', True]","['ETH/USDT', True]"
"['TONE/BTC', False]","['TONE/ETH', True]","['ETH/BTC', True]"
"['TONE/ETH', False]","['TONE/BTC', True]","['ETH/BTC', False]"
"['TRAC/BTC', False]","['TRAC/ETH', True]","['ETH/BTC', True]"
"['TRAC/ETH', False]","['TRAC/BTC', True]","['ETH/BTC', False]"
"['TRIAS/BTC', False]","['TRIAS/USDT', True]","['BTC/USDT', False]"
"['TRIAS/USDT', False]","['TRIAS/BTC', True]","['BTC/USDT', True]"
"['TRTL/BTC', False]","['TRTL/ETH', True]","['ETH/BTC', True]"
"['TRTL/ETH', False]","['TRTL/BTC', True]","['ETH/BTC', False]"
"['TRX/BTC', False]","['TRX/ETH', True]","['ETH/BTC', True]"
"['TRX/BTC', False]","['TRX/KCS', True]","['KCS/BTC', True]"
"['TRX/BTC', False]","['TRX/USDT', True]","['BTC/USDT', False]"
"['TRX/ETH', False]","['TRX/BTC', True]","['ETH/BTC', False]"
"['TRX/ETH', False]","['TRX/KCS', True]","['ETH/KCS', False]"
"['TRX/ETH', False]","['TRX/KCS', True]","['KCS/ETH', True]"
"['TRX/ETH', False]","['TRX/USDT', True]","['ETH/USDT', False]"
"['TRX/KCS', False]","['TRX/BTC', True]","['KCS/BTC', False]"
"['TRX/KCS', False]","['TRX/ETH', True]","['ETH/KCS', True]"
"['TRX/KCS', False]","['TRX/ETH', True]","['KCS/ETH', False]"
"['TRX/KCS', False]","['TRX/USDT', True]","['KCS/USDT', False]"
"['TRX/USDT', False]","['TRX/BTC', True]","['BTC/USDT', True]"
"['TRX/USDT', False]","['TRX/ETH', True]","['ETH/USDT', True]"
"['TRX/USDT', False]","['TRX/KCS', True]","['KCS/USDT', True]"
"['UNI/KCS', False]","['UNI/USDT', True]","['KCS/USDT', False]"
"['UNI/USDT', False]","['UNI/KCS', True]","['KCS/USDT', True]"
"['UOS/BTC', False]","['UOS/USDT', True]","['BTC/USDT', False]"
"['UOS/USDT', False]","['UOS/BTC', True]","['BTC/USDT', True]"
"['UQC/BTC', False]","['UQC/ETH', True]","['ETH/BTC', True]"
"['UQC/ETH', False]","['UQC/BTC', True]","['ETH/BTC', False]"
"['USDC/USDT', False]","['USDC/UST', True]","['USDT/UST', False]"
"['USDC/UST', False]","['USDC/USDT', True]","['USDT/UST', True]"
"['USDT/DAI', False]","['USDT/PAX', True]","['PAX/DAI', True]"
"['USDT/DAI', False]","['USDT/TUSD', True]","['TUSD/DAI', True]"
"['USDT/DAI', False]","['USDT/USDC', True]","['USDC/DAI', True]"
"['USDT/DAI', False]","['USDT/UST', True]","['UST/DAI', True]"
"['USDT/PAX', False]","['USDT/DAI', True]","['PAX/DAI', False]"
"['USDT/PAX', False]","['USDT/TUSD', True]","['TUSD/PAX', True]"
"['USDT/PAX', False]","['USDT/USDC', True]","['USDC/PAX', True]"
"['USDT/PAX', False]","['USDT/UST', True]","['UST/PAX', True]"
"['USDT/TUSD', False]","['USDT/DAI', True]","['TUSD/DAI', False]"
"['USDT/TUSD', False]","['USDT/PAX', True]","['TUSD/PAX', False]"
"['USDT/TUSD', False]","['USDT/USDC', True]","['USDC/TUSD', True]"
"['USDT/TUSD', False]","['USDT/UST', True]","['UST/TUSD', True]"
"['USDT/USDC', False]","['USDT/DAI', True]","['USDC/DAI', False]"
"['USDT/USDC', False]","['USDT/PAX', True]","['USDC/PAX', False]"
"['USDT/USDC', False]","['USDT/TUSD', True]","['USDC/TUSD', False]"
"['USDT/USDC', False]","['USDT/UST', True]","['USDC/UST', False]"
"['USDT/UST', False]","['USDT/DAI', True]","['UST/DAI', False]"
"['USDT/UST', False]","['USDT/PAX', True]","['UST/PAX', False]"
"['USDT/UST', False]","['USDT/TUSD', True]","['UST/TUSD', False]"
"['USDT/UST', False]","['USDT/USDC', True]","['USDC/UST', True]"
"['UTK/BTC', False]","['UTK/ETH', True]","['ETH/BTC', True]"
"['UTK/ETH', False]","['UTK/BTC', True]","['ETH/BTC', False]"
"['VET/BTC', False]","['VET/ETH', True]","['ETH/BTC', True]"
"['VET/BTC', False]","['VET/KCS', True]","['KCS/BTC', True]"
"['VET/BTC', False]","['VET/USDT', True]","['BTC/USDT', False]"
"['VET/ETH', False]","['VET/BTC', True]","['ETH/BTC', False]"
"['VET/ETH', False]","['VET/KCS', True]","['ETH/KCS', False]"
"['VET/ETH', False]","['VET/KCS', True]","['KCS/ETH', True]"
"['VET/ETH', False]","['VET/USDT', True]","['ETH/USDT', False]"
"['VET/KCS', False]","['VET/BTC', True]","['KCS/BTC', False]"
"['VET/KCS', False]","['VET/ETH', True]","['ETH/KCS', True]"
"['VET/KCS', False]","['VET/ETH', True]","['KCS/ETH', False]"
"['VET/KCS', False]","['VET/USDT', True]","['KCS/USDT', False]"
"['VET/USDT', False]","['VET/BTC', True]","['BTC/USDT', True]"
"['VET/USDT', False]","['VET/ETH', True]","['ETH/USDT', True]"
"['VET/USDT', False]","['VET/KCS', True]","['KCS/USDT', True]"
"['VID/BTC', False]","['VID/USDT', True]","['BTC/USDT', False]"
"['VID/USDT', False]","['VID/BTC', True]","['BTC/USDT', True]"
"['VIDT/BTC', False]","['VIDT/USDT', True]","['BTC/USDT', False]"
"['VIDT/USDT', False]","['VIDT/BTC', True]","['BTC/USDT', True]"
"['VRA/BTC', False]","['VRA/USDT', True]","['BTC/USDT', False]"
"['VRA/USDT', False]","['VRA/BTC', True]","['BTC/USDT', True]"
"['VSYS/BTC', False]","['VSYS/USDT', True]","['BTC/USDT', False]"
"['VSYS/USDT', False]","['VSYS/BTC', True]","['BTC/USDT', True]"
"['WAN/BTC', False]","['WAN/ETH', True]","['ETH/BTC', True]"
"['WAN/ETH', False]","['WAN/BTC', True]","['ETH/BTC', False]"
"['WAVES/BTC', False]","['WAVES/USDT', True]","['BTC/USDT', False]"
"['WAVES/USDT', False]","['WAVES/BTC', True]","['BTC/USDT', True]"
"['WAXP/BTC', False]","['WAXP/ETH', True]","['ETH/BTC', True]"
"['WAXP/ETH', False]","['WAXP/BTC', True]","['ETH/BTC', False]"
"['WBTC/BTC', False]","['WBTC/ETH', True]","['ETH/BTC', True]"
"['WBTC/ETH', False]","['WBTC/BTC', True]","['ETH/BTC', False]"
"['WEST/BTC', False]","['WEST/USDT', True]","['BTC/USDT', False]"
"['WEST/USDT', False]","['WEST/BTC', True]","['BTC/USDT', True]"
"['WIN/BTC', False]","['WIN/TRX', True]","['TRX/BTC', True]"
"['WIN/BTC', False]","['WIN/USDT', True]","['BTC/USDT', False]"
"['WIN/TRX', False]","['WIN/BTC', True]","['TRX/BTC', False]"
"['WIN/TRX', False]","['WIN/USDT', True]","['TRX/USDT', False]"
"['WIN/USDT', False]","['WIN/BTC', True]","['BTC/USDT', True]"
"['WIN/USDT', False]","['WIN/TRX', True]","['TRX/USDT', True]"
"['WXT/BTC', False]","['WXT/USDT', True]","['BTC/USDT', False]"
"['WXT/USDT', False]","['WXT/BTC', True]","['BTC/USDT', True]"
"['XDB/BTC', False]","['XDB/USDT', True]","['BTC/USDT', False]"
"['XDB/USDT', False]","['XDB/BTC', True]","['BTC/USDT', True]"
"['XEM/BTC', False]","['XEM/USDT', True]","['BTC/USDT', False]"
"['XEM/USDT', False]","['XEM/BTC', True]","['BTC/USDT', True]"
"['XHV/BTC', False]","['XHV/USDT', True]","['BTC/USDT', False]"
"['XHV/USDT', False]","['XHV/BTC', True]","['BTC/USDT', True]"
"['XLM/BTC', False]","['XLM/ETH', True]","['ETH/BTC', True]"
"['XLM/BTC', False]","['XLM/KCS', True]","['KCS/BTC', True]"
"['XLM/BTC', False]","['XLM/USDT', True]","['BTC/USDT', False]"
"['XLM/ETH', False]","['XLM/BTC', True]","['ETH/BTC', False]"
"['XLM/ETH', False]","['XLM/KCS', True]","['ETH/KCS', False]"
"['XLM/ETH', False]","['XLM/KCS', True]","['KCS/ETH', True]"
"['XLM/ETH', False]","['XLM/USDT', True]","['ETH/USDT', False]"
"['XLM/KCS', False]","['XLM/BTC', True]","['KCS/BTC', False]"
"['XLM/KCS', False]","['XLM/ETH', True]","['ETH/KCS', True]"
"['XLM/KCS', False]","['XLM/ETH', True]","['KCS/ETH', False]"
"['XLM/KCS', False]","['XLM/USDT', True]","['KCS/USDT', False]"
"['XLM/USDT', False]","['XLM/BTC', True]","['BTC/USDT', True]"
"['XLM/USDT', False]","['XLM/ETH', True]","['ETH/USDT', True]"
"['XLM/USDT', False]","['XLM/KCS', True]","['KCS/USDT', True]"
"['XMR/BTC', False]","['XMR/ETH', True]","['ETH/BTC', True]"
"['XMR/ETH', False]","['XMR/BTC', True]","['ETH/BTC', False]"
"['XRP/BTC', False]","['XRP/ETH', True]","['ETH/BTC', True]"
"['XRP/BTC', False]","['XRP/KCS', True]","['KCS/BTC', True]"
"['XRP/BTC', False]","['XRP/PAX', True]","['BTC/PAX', False]"
"['XRP/BTC', False]","['XRP/TUSD', True]","['BTC/TUSD', False]"
"['XRP/BTC', False]","['XRP/USDC', True]","['BTC/USDC', False]"
"['XRP/BTC', False]","['XRP/USDT', True]","['BTC/USDT', False]"
"['XRP/ETH', False]","['XRP/BTC', True]","['ETH/BTC', False]"
"['XRP/ETH', False]","['XRP/KCS', True]","['ETH/KCS', False]"
"['XRP/ETH', False]","['XRP/KCS', True]","['KCS/ETH', True]"
"['XRP/ETH', False]","['XRP/PAX', True]","['ETH/PAX', False]"
"['XRP/ETH', False]","['XRP/TUSD', True]","['ETH/TUSD', False]"
"['XRP/ETH', False]","['XRP/USDC', True]","['ETH/USDC', False]"
"['XRP/ETH', False]","['XRP/USDT', True]","['ETH/USDT', False]"
"['XRP/KCS', False]","['XRP/BTC', True]","['KCS/BTC', False]"
"['XRP/KCS', False]","['XRP/ETH', True]","['ETH/KCS', True]"
"['XRP/KCS', False]","['XRP/ETH', True]","['KCS/ETH', False]"
"['XRP/KCS', False]","['XRP/PAX', True]","['KCS/PAX', False]"
"['XRP/KCS', False]","['XRP/TUSD', True]","['KCS/TUSD', False]"
"['XRP/KCS', False]","['XRP/USDC', True]","['KCS/USDC', False]"
"['XRP/KCS', False]","['XRP/USDT', True]","['KCS/USDT', False]"
"['XRP/PAX', False]","['XRP/BTC', True]","['BTC/PAX', True]"
"['XRP/PAX', False]","['XRP/ETH', True]","['ETH/PAX', True]"
"['XRP/PAX', False]","['XRP/KCS', True]","['KCS/PAX', True]"
"['XRP/PAX', False]","['XRP/TUSD', True]","['PAX/TUSD', False]"
"['XRP/PAX', False]","['XRP/USDC', True]","['PAX/USDC', False]"
"['XRP/PAX', False]","['XRP/USDT', True]","['PAX/USDT', False]"
"['XRP/PAX', False]","['XRP/USDT', True]","['USDT/PAX', True]"
"['XRP/TUSD', False]","['XRP/BTC', True]","['BTC/TUSD', True]"
"['XRP/TUSD', False]","['XRP/ETH', True]","['ETH/TUSD', True]"
"['XRP/TUSD', False]","['XRP/KCS', True]","['KCS/TUSD', True]"
"['XRP/TUSD', False]","['XRP/PAX', True]","['PAX/TUSD', True]"
"['XRP/TUSD', False]","['XRP/USDC', True]","['USDC/TUSD', True]"
"['XRP/TUSD', False]","['XRP/USDT', True]","['USDT/TUSD', True]"
"['XRP/USDC', False]","['XRP/BTC', True]","['BTC/USDC', True]"
"['XRP/USDC', False]","['XRP/ETH', True]","['ETH/USDC', True]"
"['XRP/USDC', False]","['XRP/KCS', True]","['KCS/USDC', True]"
"['XRP/USDC', False]","['XRP/PAX', True]","['PAX/USDC', True]"
"['XRP/USDC', False]","['XRP/TUSD', True]","['USDC/TUSD', False]"
"['XRP/USDC', False]","['XRP/USDT', True]","['USDC/USDT', False]"
"['XRP/USDC', False]","['XRP/USDT', True]","['USDT/USDC', True]"
"['XRP/USDT', False]","['XRP/BTC', True]","['BTC/USDT', True]"
"['XRP/USDT', False]","['XRP/ETH', True]","['ETH/USDT', True]"
"['XRP/USDT', False]","['XRP/KCS', True]","['KCS/USDT', True]"
"['XRP/USDT', False]","['XRP/PAX', True]","['PAX/USDT', True]"
"['XRP/USDT', False]","['XRP/PAX', True]","['USDT/PAX', False]"
"['XRP/USDT', False]","['XRP/TUSD', True]","['USDT/TUSD', False]"
"['XRP/USDT', False]","['XRP/USDC', True]","['USDC/USDT', True]"
"['XRP/USDT', False]","['XRP/USDC', True]","['USDT/USDC', False]"
"['XTZ/BTC', False]","['XTZ/KCS', True]","['KCS/BTC', True]"
"['XTZ/BTC', False]","['XTZ/USDT', True]","['BTC/USDT', False]"
"['XTZ/KCS', False]","['XTZ/BTC', True]","['KCS/BTC', False]"
"['XTZ/KCS', False]","['XTZ/USDT', True]","['KCS/USDT', False]"
"['XTZ/USDT', False]","['XTZ/BTC', True]","['BTC/USDT', True]"
"['XTZ/USDT', False]","['XTZ/KCS', True]","['KCS/USDT', True]"
"['XYO/BTC', False]","['XYO/ETH', True]","['ETH/BTC', True]"
"['XYO/ETH', False]","['XYO/BTC', True]","['ETH/BTC', False]"
"['YFI/USDT', False]","['YFI/UST', True]","['USDT/UST', False]"
"['YFI/UST', False]","['YFI/USDT', True]","['USDT/UST', True]"
"['ZEC/BTC', False]","['ZEC/KCS', True]","['KCS/BTC', True]"
"['ZEC/BTC', False]","['ZEC/USDT', True]","['BTC/USDT', False]"
"['ZEC/KCS', False]","['ZEC/BTC', True]","['KCS/BTC', False]"
"['ZEC/KCS', False]","['ZEC/USDT', True]","['KCS/USDT', False]"
"['ZEC/USDT', False]","['ZEC/BTC', True]","['BTC/USDT', True]"
"['ZEC/USDT', False]","['ZEC/KCS', True]","['KCS/USDT', True]"
"['ZIL/BTC', False]","['ZIL/ETH', True]","['ETH/BTC', True]"
"['ZIL/ETH', False]","['ZIL/BTC', True]","['ETH/BTC', False]"
"['ZRX/BTC', False]","['ZRX/ETH', True]","['ETH/BTC', True]"
"['ZRX/ETH', False]","['ZRX/BTC', True]","['ETH/BTC', False]"
